日期,凭证号,科目编码,科目名称,借方金额,贷方金额,摘要,制单人
2025-11-30,记-0001,1002,银行存款,193521.1,0.0,银行存款-实收资本,李四
2025-11-30,记-0001,4001,实收资本,0.0,193521.1,银行存款-资本注入,王五
2025-11-30,记-0002,6401,主营业务成本,13664.23,0.0,产品成本-银行贷款,王五
2025-11-30,记-0002,2001,短期借款,0.0,13664.23,营业成本-银行贷款,赵六
2025-11-30,记-0003,2001,短期借款,24501.37,0.0,银行贷款-银行取款,张三
2025-11-30,记-0003,1002,银行存款,0.0,24501.37,短期借款-电汇,赵六
2025-11-30,记-0004,2001,短期借款,26272.92,0.0,短期借款-销售回款,王五
2025-11-30,记-0004,1121,应收账款,0.0,26272.92,银行贷款-应收账款,赵六
2025-11-30,记-0005,6603,财务费用,27291.0,0.0,财务费用-供应商付款,张三
2025-11-30,记-0005,2202,应付账款,0.0,27291.0,手续费-应付账款,王五
2025-12-01,记-0006,2202,应付账款,24603.41,0.0,采购付款-销售成本,王五
2025-12-01,记-0006,6401,主营业务成本,0.0,24603.41,应付账款-营业成本,张三
2025-12-01,记-0007,1601,固定资产,46681.56,0.0,设备购买-实收资本,赵六
2025-12-01,记-0007,4001,实收资本,0.0,46681.56,固定资产购置-资本注入,李四
2025-12-01,记-0008,1401,材料采购,25865.79,0.0,原材料购买-营业外收入,王五
2025-12-01,记-0008,6001,主营业务收入,0.0,25865.79,材料采购-营业外收入,王五
2025-12-01,记-0009,1002,银行存款,18564.57,0.0,银行转账-广告费,王五
2025-12-01,记-0009,6601,销售费用,0.0,18564.57,银行存款-广告费,张三
2025-12-01,记-0010,1002,银行存款,33036.26,0.0,银行取款-应付账款,张三
2025-12-01,记-0010,2202,应付账款,0.0,33036.26,银行存款-采购付款,王五
2025-12-02,记-0011,1601,固定资产,42716.76,0.0,资产投资-产品成本,张三
2025-12-02,记-0011,6401,主营业务成本,0.0,42716.76,资产投资-营业成本,赵六
2025-12-02,记-0012,6001,主营业务收入,17855.31,0.0,服务收入-现金支出,王五
2025-12-02,记-0012,1001,库存现金,0.0,17855.31,服务收入-现金存入,赵六
2025-12-02,记-0013,1401,材料采购,27024.55,0.0,采购付款-银行转账,王五
2025-12-02,记-0013,1002,银行存款,0.0,27024.55,采购付款-银行存款,赵六
2025-12-02,记-0014,6601,销售费用,30728.93,0.0,营销费用-营业成本,王五
2025-12-02,记-0014,6401,主营业务成本,0.0,30728.93,广告费-销售成本,王五
2025-12-02,记-0015,1121,应收账款,46217.74,0.0,应收账款-借款,李四
2025-12-02,记-0015,2001,短期借款,0.0,46217.74,应收账款-借款,赵六
2025-12-02,记-0016,1002,银行存款,185268.76,0.0,银行转账-实收资本,张三
2025-12-02,记-0016,4001,实收资本,0.0,185268.76,银行转账-资本注入,王五
2025-12-02,记-0017,6401,主营业务成本,38293.21,0.0,营业成本-生产成本,张三
2025-12-02,记-0017,5001,生产成本,0.0,38293.21,销售成本-生产成本,李四
2025-12-03,记-0018,1002,银行存款,25712.92,0.0,银行存款-利息支出,王五
2025-12-03,记-0018,6603,财务费用,0.0,25712.92,银行存款-手续费,王五
2025-12-03,记-0019,1001,库存现金,9337.88,0.0,现金存入-制造费用,李四
2025-12-03,记-0019,5001,生产成本,0.0,9337.88,现金提取-制造费用,王五
2025-12-03,记-0020,2202,应付账款,8273.28,0.0,采购付款-生产成本,张三
2025-12-03,记-0020,5001,生产成本,0.0,8273.28,采购付款-生产成本,赵六
2025-12-04,记-0021,5001,生产成本,14331.98,0.0,制造费用-营销费用,王五
2025-12-04,记-0021,6601,销售费用,0.0,14331.98,生产支出-销售费用,王五
2025-12-04,记-0022,6001,主营业务收入,22540.12,0.0,服务收入-银行存款,张三
2025-12-04,记-0022,1002,银行存款,0.0,22540.12,营业外收入-银行存款,王五
2025-12-04,记-0023,5001,生产成本,30040.39,0.0,生产成本-原材料购买,王五
2025-12-04,记-0023,1401,材料采购,0.0,30040.39,生产支出-采购付款,赵六
2025-12-04,记-0024,6401,主营业务成本,10368.62,0.0,销售成本-应收账款,赵六
2025-12-04,记-0024,1121,应收账款,0.0,10368.62,销售成本-应收账款,赵六
2025-12-04,记-0025,6602,管理费用,30353.9,0.0,办公费用-现金提取,李四
2025-12-04,记-0025,1001,库存现金,0.0,30353.9,办公费用-现金支出,王五
2025-12-04,记-0026,6601,销售费用,46500.19,0.0,广告费-产品成本,赵六
2025-12-04,记-0026,6401,主营业务成本,0.0,46500.19,销售费用-营业成本,赵六
2025-12-04,记-0027,6603,财务费用,19665.36,0.0,财务费用-营业成本,张三
2025-12-04,记-0027,6401,主营业务成本,0.0,19665.36,手续费-营业成本,王五
2025-12-04,记-0028,4001,实收资本,5084.74,0.0,资本注入-原材料购买,张三
2025-12-04,记-0028,1401,材料采购,0.0,5084.74,实收资本-原材料购买,张三
2025-12-05,记-0029,6603,财务费用,24131.25,0.0,手续费-现金提取,赵六
2025-12-05,记-0029,1001,库存现金,0.0,24131.25,手续费-现金存入,王五
2025-12-05,记-0030,1601,固定资产,23889.78,0.0,资产投资-制造费用,张三
2025-12-05,记-0030,5001,生产成本,0.0,23889.78,资产投资-生产成本,李四
2025-12-05,记-0031,1002,银行存款,21555.34,0.0,银行取款-产品成本,张三
2025-12-05,记-0031,6401,主营业务成本,0.0,21555.34,银行取款-营业成本,王五
2025-12-05,记-0032,1001,库存现金,6971.9,0.0,现金支出-供应商付款,张三
2025-12-05,记-0032,2202,应付账款,0.0,6971.9,现金支出-应付账款,李四
2025-12-05,记-0033,1002,银行存款,151659.55,0.0,银行转账-借款,张三
2025-12-05,记-0033,2001,短期借款,0.0,151659.55,银行存款-借款,赵六
2025-12-06,记-0034,1601,固定资产,85511.07,0.0,设备购买-银行贷款,李四
2025-12-06,记-0034,2001,短期借款,0.0,85511.07,固定资产购置-短期借款,李四
2025-12-06,记-0035,1001,库存现金,18956.94,0.0,现金收入-营业外收入,赵六
2025-12-06,记-0035,6001,主营业务收入,0.0,18956.94,现金提取-销售收入,赵六
2025-12-06,记-0036,1001,库存现金,13017.66,0.0,现金存入-营业外收入,赵六
2025-12-06,记-0036,6001,主营业务收入,0.0,13017.66,现金提取-销售收入,赵六
2025-12-06,记-0037,1001,库存现金,7724.08,0.0,现金支出-销售收入,赵六
2025-12-06,记-0037,6001,主营业务收入,0.0,7724.08,现金提取-营业外收入,张三
2025-12-06,记-0038,6001,主营业务收入,29684.51,0.0,营业外收入-固定资产购置,李四
2025-12-06,记-0038,1601,固定资产,0.0,29684.51,服务收入-资产投资,赵六
2025-12-07,记-0039,1601,固定资产,87265.22,0.0,设备购买-借款,张三
2025-12-07,记-0039,2001,短期借款,0.0,87265.22,设备购买-银行贷款,王五
2025-12-07,记-0040,6401,主营业务成本,4189.16,0.0,营业成本-客户付款,李四
2025-12-07,记-0040,1121,应收账款,0.0,4189.16,产品成本-应收账款,赵六
2025-12-08,记-0041,6001,主营业务收入,1688.05,0.0,营业外收入-银行转账,李四
2025-12-08,记-0041,1002,银行存款,0.0,1688.05,销售收入-银行存款,李四
2025-12-08,记-0042,1121,应收账款,21436.55,0.0,销售回款-固定资产购置,赵六
2025-12-08,记-0042,1601,固定资产,0.0,21436.55,客户付款-资产投资,李四
2025-12-08,记-0043,1121,应收账款,22268.18,0.0,销售回款-资产投资,张三
2025-12-08,记-0043,1601,固定资产,0.0,22268.18,销售回款-资产投资,王五
2025-12-08,记-0044,1601,固定资产,10748.22,0.0,固定资产购置-应收账款,王五
2025-12-08,记-0044,1121,应收账款,0.0,10748.22,设备购买-客户付款,张三
2025-12-08,记-0045,6601,销售费用,45296.57,0.0,营销费用-银行存款,张三
2025-12-08,记-0045,1002,银行存款,0.0,45296.57,营销费用-银行取款,赵六
2025-12-08,记-0046,6401,主营业务成本,38643.15,0.0,营业成本-银行取款,赵六
2025-12-08,记-0046,1002,银行存款,0.0,38643.15,销售成本-电汇,王五
2025-12-08,记-0047,1401,材料采购,12091.1,0.0,原材料购买-利息支出,张三
2025-12-08,记-0047,6603,财务费用,0.0,12091.1,采购付款-财务费用,张三
2025-12-08,记-0048,6603,财务费用,3960.8,0.0,利息支出-股东投资,王五
2025-12-08,记-0048,4001,实收资本,0.0,3960.8,利息支出-实收资本,李四
2025-12-09,记-0049,2202,应付账款,27491.82,0.0,采购付款-资产投资,李四
2025-12-09,记-0049,1601,固定资产,0.0,27491.82,供应商付款-设备购买,张三
2025-12-09,记-0050,4001,实收资本,2066.7,0.0,实收资本-利息支出,王五
2025-12-09,记-0050,6603,财务费用,0.0,2066.7,实收资本-利息支出,王五
2025-12-09,记-0051,1601,固定资产,17449.42,0.0,固定资产购置-办公费用,张三
2025-12-09,记-0051,6602,管理费用,0.0,17449.42,固定资产购置-办公费用,李四
2025-12-09,记-0052,1601,固定资产,105668.06,0.0,固定资产购置-银行贷款,张三
2025-12-09,记-0052,2001,短期借款,0.0,105668.06,固定资产购置-银行贷款,赵六
2025-12-10,记-0053,1002,银行存款,183121.66,0.0,电汇-银行贷款,李四
2025-12-10,记-0053,2001,短期借款,0.0,183121.66,电汇-借款,赵六
2025-12-10,记-0054,2001,短期借款,28857.98,0.0,借款-客户付款,王五
2025-12-10,记-0054,1121,应收账款,0.0,28857.98,银行贷款-应收账款,张三
2025-12-11,记-0055,6001,主营业务收入,45082.14,0.0,销售收入-现金提取,赵六
2025-12-11,记-0055,1001,库存现金,0.0,45082.14,服务收入-现金存入,赵六
2025-12-11,记-0056,1001,库存现金,155480.58,0.0,现金收入-短期借款,王五
2025-12-11,记-0056,2001,短期借款,0.0,155480.58,现金提取-借款,赵六
2025-12-11,记-0057,1121,应收账款,10995.72,0.0,销售回款-设备购买,王五
2025-12-11,记-0057,1601,固定资产,0.0,10995.72,销售回款-资产投资,张三
2025-12-11,记-0058,6001,主营业务收入,23376.2,0.0,服务收入-手续费,张三
2025-12-11,记-0058,6603,财务费用,0.0,23376.2,营业外收入-手续费,李四
2025-12-11,记-0059,2202,应付账款,17721.05,0.0,供应商付款-营业成本,赵六
2025-12-11,记-0059,6401,主营业务成本,0.0,17721.05,应付账款-营业成本,张三
2025-12-11,记-0060,6603,财务费用,8976.64,0.0,手续费-借款,赵六
2025-12-11,记-0060,2001,短期借款,0.0,8976.64,手续费-短期借款,赵六
2025-12-11,记-0061,1001,库存现金,190838.94,0.0,现金提取-借款,赵六
2025-12-11,记-0061,2001,短期借款,0.0,190838.94,现金提取-借款,赵六
2025-12-11,记-0062,2001,短期借款,27183.86,0.0,银行贷款-银行取款,王五
2025-12-11,记-0062,1002,银行存款,0.0,27183.86,借款-电汇,王五
2025-12-12,记-0063,2202,应付账款,33016.8,0.0,供应商付款-服务收入,李四
2025-12-12,记-0063,6001,主营业务收入,0.0,33016.8,供应商付款-销售收入,王五
2025-12-12,记-0064,2202,应付账款,28770.59,0.0,应付账款-现金支出,张三
2025-12-12,记-0064,1001,库存现金,0.0,28770.59,采购付款-现金存入,赵六
2025-12-12,记-0065,4001,实收资本,6574.93,0.0,实收资本-管理费用,李四
2025-12-12,记-0065,6602,管理费用,0.0,6574.93,资本注入-管理费用,王五
2025-12-12,记-0066,1001,库存现金,134367.88,0.0,现金提取-银行贷款,李四
2025-12-12,记-0066,2001,短期借款,0.0,134367.88,现金存入-短期借款,张三
2025-12-12,记-0067,4001,实收资本,47428.28,0.0,股东投资-客户付款,张三
2025-12-12,记-0067,1121,应收账款,0.0,47428.28,股东投资-客户付款,张三
2025-12-12,记-0068,6001,主营业务收入,26878.49,0.0,营业外收入-产品成本,李四
2025-12-12,记-0068,6401,主营业务成本,0.0,26878.49,服务收入-销售成本,赵六
2025-12-12,记-0069,1001,库存现金,14994.07,0.0,现金提取-短期借款,李四
2025-12-12,记-0069,2001,短期借款,0.0,14994.07,现金存入-银行贷款,王五
2025-12-13,记-0070,1401,材料采购,8627.55,0.0,原材料购买-采购付款,李四
2025-12-13,记-0070,2202,应付账款,0.0,8627.55,材料采购-供应商付款,张三
2025-12-13,记-0071,1002,银行存款,29904.1,0.0,银行取款-现金提取,张三
2025-12-13,记-0071,1001,库存现金,0.0,29904.1,银行取款-现金支出,张三
2025-12-13,记-0072,1001,库存现金,3739.5,0.0,现金支出-服务收入,王五
2025-12-13,记-0072,6001,主营业务收入,0.0,3739.5,现金存入-营业外收入,赵六
2025-12-13,记-0073,6602,管理费用,13966.37,0.0,管理费用-现金收入,李四
2025-12-13,记-0073,1001,库存现金,0.0,13966.37,管理费用-现金提取,张三
2025-12-13,记-0074,6603,财务费用,32036.24,0.0,财务费用-营销费用,王五
2025-12-13,记-0074,6601,销售费用,0.0,32036.24,手续费-营销费用,张三
2025-12-13,记-0075,1121,应收账款,9148.03,0.0,销售回款-采购付款,赵六
2025-12-13,记-0075,2202,应付账款,0.0,9148.03,客户付款-供应商付款,赵六
2025-12-14,记-0076,1001,库存现金,17450.72,0.0,现金收入-服务收入,李四
2025-12-14,记-0076,6001,主营业务收入,0.0,17450.72,现金收入-销售收入,赵六
2025-12-14,记-0077,2001,短期借款,9895.56,0.0,短期借款-供应商付款,王五
2025-12-14,记-0077,2202,应付账款,0.0,9895.56,短期借款-供应商付款,王五
2025-12-14,记-0078,1001,库存现金,9748.13,0.0,现金支出-销售收入,王五
2025-12-14,记-0078,6001,主营业务收入,0.0,9748.13,现金提取-销售收入,李四
2025-12-14,记-0079,4001,实收资本,3552.88,0.0,实收资本-银行贷款,李四
2025-12-14,记-0079,2001,短期借款,0.0,3552.88,实收资本-借款,张三
2025-12-15,记-0080,6602,管理费用,20190.14,0.0,管理费用-销售回款,王五
2025-12-15,记-0080,1121,应收账款,0.0,20190.14,管理费用-销售回款,李四
2025-12-15,记-0081,4001,实收资本,21302.3,0.0,资本注入-营业成本,赵六
2025-12-15,记-0081,6401,主营业务成本,0.0,21302.3,实收资本-销售成本,张三
2025-12-15,记-0082,6001,主营业务收入,36114.68,0.0,服务收入-固定资产购置,赵六
2025-12-15,记-0082,1601,固定资产,0.0,36114.68,服务收入-资产投资,王五
2025-12-15,记-0083,6401,主营业务成本,24934.69,0.0,销售成本-采购付款,赵六
2025-12-15,记-0083,2202,应付账款,0.0,24934.69,营业成本-应付账款,张三
2025-12-15,记-0084,2001,短期借款,38835.21,0.0,借款-利息支出,张三
2025-12-15,记-0084,6603,财务费用,0.0,38835.21,银行贷款-利息支出,赵六
2025-12-15,记-0085,1601,固定资产,122947.92,0.0,固定资产购置-借款,张三
2025-12-15,记-0085,2001,短期借款,0.0,122947.92,资产投资-短期借款,李四
2025-12-16,记-0086,1001,库存现金,26602.86,0.0,现金收入-客户付款,张三
2025-12-16,记-0086,1121,应收账款,0.0,26602.86,现金支出-客户付款,王五
2025-12-16,记-0087,6601,销售费用,42252.89,0.0,销售费用-借款,张三
2025-12-16,记-0087,2001,短期借款,0.0,42252.89,广告费-银行贷款,张三
2025-12-16,记-0088,1121,应收账款,18350.16,0.0,应收账款-银行转账,赵六
2025-12-16,记-0088,1002,银行存款,0.0,18350.16,应收账款-银行转账,李四
2025-12-16,记-0089,6603,财务费用,4101.11,0.0,利息支出-应收账款,赵六
2025-12-16,记-0089,1121,应收账款,0.0,4101.11,财务费用-客户付款,王五
2025-12-17,记-0090,2001,短期借款,10030.78,0.0,借款-利息支出,李四
2025-12-17,记-0090,6603,财务费用,0.0,10030.78,借款-财务费用,王五
2025-12-17,记-0091,5001,生产成本,26883.03,0.0,制造费用-固定资产购置,李四
2025-12-17,记-0091,1601,固定资产,0.0,26883.03,制造费用-设备购买,王五
2025-12-17,记-0092,6603,财务费用,39332.87,0.0,利息支出-生产成本,王五
2025-12-17,记-0092,5001,生产成本,0.0,39332.87,财务费用-生产支出,张三
2025-12-17,记-0093,1601,固定资产,138466.72,0.0,固定资产购置-实收资本,张三
2025-12-17,记-0093,4001,实收资本,0.0,138466.72,设备购买-实收资本,李四
2025-12-18,记-0094,1601,固定资产,180951.97,0.0,资产投资-短期借款,张三
2025-12-18,记-0094,2001,短期借款,0.0,180951.97,固定资产购置-借款,李四
2025-12-18,记-0095,1002,银行存款,5433.96,0.0,银行转账-设备购买,赵六
2025-12-18,记-0095,1601,固定资产,0.0,5433.96,银行取款-设备购买,赵六
2025-12-19,记-0096,1601,固定资产,2616.62,0.0,设备购买-营业外收入,张三
2025-12-19,记-0096,6001,主营业务收入,0.0,2616.62,固定资产购置-服务收入,李四
2025-12-19,记-0097,6601,销售费用,45912.47,0.0,营销费用-服务收入,李四
2025-12-19,记-0097,6001,主营业务收入,0.0,45912.47,销售费用-营业外收入,王五
2025-12-19,记-0098,1601,固定资产,150596.95,0.0,设备购买-银行贷款,张三
2025-12-19,记-0098,2001,短期借款,0.0,150596.95,资产投资-短期借款,赵六
2025-12-19,记-0099,2001,短期借款,17531.03,0.0,借款-设备购买,赵六
2025-12-19,记-0099,1601,固定资产,0.0,17531.03,短期借款-固定资产购置,王五
2025-12-19,记-0100,4001,实收资本,36518.27,0.0,股东投资-现金收入,张三
2025-12-19,记-0100,1001,库存现金,0.0,36518.27,资本注入-现金提取,赵六
2025-12-19,记-0101,1601,固定资产,102892.74,0.0,资产投资-资本注入,李四
2025-12-19,记-0101,4001,实收资本,0.0,102892.74,资产投资-资本注入,李四
2025-12-19,记-0102,6401,主营业务成本,31517.82,0.0,产品成本-营销费用,张三
2025-12-19,记-0102,6601,销售费用,0.0,31517.82,销售成本-销售费用,赵六
2025-12-20,记-0103,1001,库存现金,20990.49,0.0,现金提取-营业外收入,王五
2025-12-20,记-0103,6001,主营业务收入,0.0,20990.49,现金支出-营业外收入,张三
2025-12-20,记-0104,1601,固定资产,103875.42,0.0,资产投资-借款,王五
2025-12-20,记-0104,2001,短期借款,0.0,103875.42,固定资产购置-借款,赵六
2025-12-20,记-0105,6602,管理费用,15417.34,0.0,办公费用-广告费,李四
2025-12-20,记-0105,6601,销售费用,0.0,15417.34,人工成本-广告费,李四
2025-12-21,记-0106,1001,库存现金,15150.22,0.0,现金存入-服务收入,赵六
2025-12-21,记-0106,6001,主营业务收入,0.0,15150.22,现金存入-服务收入,张三
2025-12-21,记-0107,1002,银行存款,194698.16,0.0,电汇-资本注入,王五
2025-12-21,记-0107,4001,实收资本,0.0,194698.16,银行取款-股东投资,赵六
2025-12-21,记-0108,1601,固定资产,191653.4,0.0,固定资产购置-实收资本,赵六
2025-12-21,记-0108,4001,实收资本,0.0,191653.4,设备购买-实收资本,王五
2025-12-21,记-0109,1601,固定资产,33953.11,0.0,资产投资-营业外收入,王五
2025-12-21,记-0109,6001,主营业务收入,0.0,33953.11,设备购买-营业外收入,赵六
2025-12-22,记-0110,6001,主营业务收入,8762.01,0.0,销售收入-电汇,张三
2025-12-22,记-0110,1002,银行存款,0.0,8762.01,营业外收入-银行取款,张三
2025-12-22,记-0111,1001,库存现金,49872.11,0.0,现金提取-客户付款,李四
2025-12-22,记-0111,1121,应收账款,0.0,49872.11,现金收入-客户付款,王五
2025-12-22,记-0112,2202,应付账款,34887.6,0.0,供应商付款-股东投资,张三
2025-12-22,记-0112,4001,实收资本,0.0,34887.6,供应商付款-资本注入,李四
2025-12-22,记-0113,6602,管理费用,11565.49,0.0,办公费用-原材料购买,张三
2025-12-22,记-0113,1401,材料采购,0.0,11565.49,管理费用-采购付款,赵六
2025-12-22,记-0114,1002,银行存款,160478.52,0.0,电汇-资本注入,赵六
2025-12-22,记-0114,4001,实收资本,0.0,160478.52,电汇-资本注入,张三
2025-12-22,记-0115,1601,固定资产,94737.15,0.0,设备购买-银行贷款,王五
2025-12-22,记-0115,2001,短期借款,0.0,94737.15,设备购买-借款,赵六
2025-12-22,记-0116,6401,主营业务成本,23186.51,0.0,营业成本-财务费用,李四
2025-12-22,记-0116,6603,财务费用,0.0,23186.51,营业成本-财务费用,张三
2025-12-22,记-0117,1001,库存现金,122049.1,0.0,现金提取-银行贷款,赵六
2025-12-22,记-0117,2001,短期借款,0.0,122049.1,现金存入-银行贷款,张三
2025-12-23,记-0118,5001,生产成本,46710.07,0.0,生产支出-应付账款,张三
2025-12-23,记-0118,2202,应付账款,0.0,46710.07,制造费用-供应商付款,张三
2025-12-23,记-0119,2001,短期借款,2913.78,0.0,借款-管理费用,张三
2025-12-23,记-0119,6602,管理费用,0.0,2913.78,借款-人工成本,赵六
2025-12-23,记-0120,1002,银行存款,113195.18,0.0,银行转账-实收资本,王五
2025-12-23,记-0120,4001,实收资本,0.0,113195.18,银行取款-资本注入,张三
2025-12-23,记-0121,1001,库存现金,43560.85,0.0,现金收入-手续费,赵六
2025-12-23,记-0121,6603,财务费用,0.0,43560.85,现金收入-财务费用,张三
2025-12-23,记-0122,6401,主营业务成本,38539.35,0.0,营业成本-财务费用,王五
2025-12-23,记-0122,6603,财务费用,0.0,38539.35,营业成本-财务费用,张三
2025-12-23,记-0123,1002,银行存款,146229.98,0.0,银行存款-资本注入,张三
2025-12-23,记-0123,4001,实收资本,0.0,146229.98,银行存款-股东投资,王五
2025-12-23,记-0124,6001,主营业务收入,9119.18,0.0,销售收入-利息支出,王五
2025-12-23,记-0124,6603,财务费用,0.0,9119.18,营业外收入-手续费,赵六
2025-12-24,记-0125,1001,库存现金,94510.32,0.0,现金支出-实收资本,张三
2025-12-24,记-0125,4001,实收资本,0.0,94510.32,现金支出-股东投资,赵六
2025-12-24,记-0126,6602,管理费用,39619.18,0.0,管理费用-短期借款,赵六
2025-12-24,记-0126,2001,短期借款,0.0,39619.18,办公费用-银行贷款,李四
2025-12-25,记-0127,1002,银行存款,134744.83,0.0,银行存款-短期借款,张三
2025-12-25,记-0127,2001,短期借款,0.0,134744.83,电汇-短期借款,赵六
2025-12-25,记-0128,1601,固定资产,103289.59,0.0,设备购买-实收资本,张三
2025-12-25,记-0128,4001,实收资本,0.0,103289.59,资产投资-股东投资,王五
2025-12-25,记-0129,1002,银行存款,41519.51,0.0,银行转账-生产支出,张三
2025-12-25,记-0129,5001,生产成本,0.0,41519.51,电汇-生产支出,赵六
2025-12-25,记-0130,6401,主营业务成本,22851.62,0.0,营业成本-生产成本,李四
2025-12-25,记-0130,5001,生产成本,0.0,22851.62,产品成本-生产支出,赵六
2025-12-26,记-0131,2001,短期借款,38085.37,0.0,借款-采购付款,王五
2025-12-26,记-0131,1401,材料采购,0.0,38085.37,借款-原材料购买,李四
2025-12-26,记-0132,2202,应付账款,32827.04,0.0,供应商付款-利息支出,赵六
2025-12-26,记-0132,6603,财务费用,0.0,32827.04,应付账款-手续费,王五
2025-12-26,记-0133,1002,银行存款,107164.33,0.0,电汇-借款,张三
2025-12-26,记-0133,2001,短期借款,0.0,107164.33,电汇-短期借款,赵六
2025-12-26,记-0134,5001,生产成本,29608.5,0.0,制造费用-现金存入,王五
2025-12-26,记-0134,1001,库存现金,0.0,29608.5,生产支出-现金存入,李四
2025-12-26,记-0135,6001,主营业务收入,41872.36,0.0,销售收入-现金支出,张三
2025-12-26,记-0135,1001,库存现金,0.0,41872.36,营业外收入-现金存入,赵六
2025-12-26,记-0136,4001,实收资本,32548.1,0.0,实收资本-现金支出,王五
2025-12-26,记-0136,1001,库存现金,0.0,32548.1,股东投资-现金支出,赵六
2025-12-27,记-0137,1002,银行存款,92660.41,0.0,电汇-实收资本,李四
2025-12-27,记-0137,4001,实收资本,0.0,92660.41,银行转账-实收资本,张三
2025-12-27,记-0138,1001,库存现金,1005.05,0.0,现金收入-营业外收入,王五
2025-12-27,记-0138,6001,主营业务收入,0.0,1005.05,现金收入-销售收入,李四
2025-12-27,记-0139,1002,银行存款,9495.49,0.0,电汇-销售收入,赵六
2025-12-27,记-0139,6001,主营业务收入,0.0,9495.49,银行存款-服务收入,王五
2025-12-27,记-0140,1601,固定资产,27301.9,0.0,固定资产购置-借款,王五
2025-12-27,记-0140,2001,短期借款,0.0,27301.9,资产投资-短期借款,李四
2025-12-27,记-0141,1001,库存现金,29818.16,0.0,现金支出-营业外收入,赵六
2025-12-27,记-0141,6001,主营业务收入,0.0,29818.16,现金收入-销售收入,王五
2025-12-27,记-0142,1001,库存现金,139515.7,0.0,现金收入-短期借款,赵六
2025-12-27,记-0142,2001,短期借款,0.0,139515.7,现金存入-短期借款,李四
2025-12-27,记-0143,1002,银行存款,196639.81,0.0,银行转账-股东投资,李四
2025-12-27,记-0143,4001,实收资本,0.0,196639.81,银行存款-实收资本,李四
2025-12-27,记-0144,6401,主营业务成本,38550.4,0.0,营业成本-现金收入,李四
2025-12-27,记-0144,1001,库存现金,0.0,38550.4,销售成本-现金收入,赵六
2025-12-28,记-0145,4001,实收资本,6471.87,0.0,资本注入-生产支出,李四
2025-12-28,记-0145,5001,生产成本,0.0,6471.87,资本注入-制造费用,赵六
2025-12-28,记-0146,1001,库存现金,3477.08,0.0,现金存入-服务收入,李四
2025-12-28,记-0146,6001,主营业务收入,0.0,3477.08,现金存入-服务收入,张三
2025-12-28,记-0147,1002,银行存款,91066.49,0.0,电汇-短期借款,王五
2025-12-28,记-0147,2001,短期借款,0.0,91066.49,银行存款-银行贷款,赵六
2025-12-29,记-0148,1002,银行存款,93805.17,0.0,银行转账-资本注入,赵六
2025-12-29,记-0148,4001,实收资本,0.0,93805.17,电汇-股东投资,王五
2025-12-29,记-0149,4001,实收资本,21244.79,0.0,股东投资-资产投资,王五
2025-12-29,记-0149,1601,固定资产,0.0,21244.79,股东投资-资产投资,赵六
2025-12-29,记-0150,6602,管理费用,41408.97,0.0,办公费用-销售费用,张三
2025-12-29,记-0150,6601,销售费用,0.0,41408.97,人工成本-广告费,赵六
2025-12-29,记-0151,1002,银行存款,142797.52,0.0,银行存款-短期借款,王五
2025-12-29,记-0151,2001,短期借款,0.0,142797.52,银行转账-借款,王五
2025-12-29,记-0152,1001,库存现金,12996.03,0.0,现金提取-应收账款,张三
2025-12-29,记-0152,1121,应收账款,0.0,12996.03,现金收入-销售回款,赵六
2025-12-30,记-0153,6001,主营业务收入,617.92,0.0,销售收入-手续费,张三
2025-12-30,记-0153,6603,财务费用,0.0,617.92,服务收入-利息支出,赵六
2025-12-30,记-0154,6601,销售费用,33459.7,0.0,销售费用-现金收入,王五
2025-12-30,记-0154,1001,库存现金,0.0,33459.7,广告费-现金收入,王五
2025-12-30,记-0155,4001,实收资本,21454.26,0.0,资本注入-设备购买,李四
2025-12-30,记-0155,1601,固定资产,0.0,21454.26,资本注入-资产投资,赵六
2025-12-30,记-0156,6602,管理费用,48169.21,0.0,管理费用-应付账款,李四
2025-12-30,记-0156,2202,应付账款,0.0,48169.21,管理费用-供应商付款,王五
2025-12-30,记-0157,6401,主营业务成本,9531.59,0.0,销售成本-供应商付款,张三
2025-12-30,记-0157,2202,应付账款,0.0,9531.59,销售成本-应付账款,李四
2025-12-30,记-0158,1001,库存现金,37802.25,0.0,现金提取-原材料购买,张三
2025-12-30,记-0158,1401,材料采购,0.0,37802.25,现金提取-材料采购,赵六
2025-12-31,记-0159,1601,固定资产,159878.15,0.0,固定资产购置-股东投资,李四
2025-12-31,记-0159,4001,实收资本,0.0,159878.15,固定资产购置-资本注入,张三
2025-12-31,记-0160,6401,主营业务成本,19475.98,0.0,产品成本-生产成本,张三
2025-12-31,记-0160,5001,生产成本,0.0,19475.98,产品成本-生产成本,王五
2025-12-31,记-0161,6602,管理费用,15521.66,0.0,人工成本-设备购买,赵六
2025-12-31,记-0161,1601,固定资产,0.0,15521.66,人工成本-设备购买,李四
2025-12-31,记-0162,1002,银行存款,128421.1,0.0,电汇-借款,王五
2025-12-31,记-0162,2001,短期借款,0.0,128421.1,银行取款-银行贷款,赵六
2025-12-31,记-0163,5001,生产成本,20815.71,0.0,制造费用-应收账款,王五
2025-12-31,记-0163,1121,应收账款,0.0,20815.71,生产支出-销售回款,赵六
2025-12-31,记-0164,2001,短期借款,33184.66,0.0,借款-广告费,张三
2025-12-31,记-0164,6601,销售费用,0.0,33184.66,银行贷款-广告费,赵六
2025-12-31,记-0165,1001,库存现金,11494.36,0.0,现金收入-人工成本,赵六
2025-12-31,记-0165,6602,管理费用,0.0,11494.36,现金存入-办公费用,赵六
2025-12-31,记-0166,6001,主营业务收入,15260.55,0.0,销售收入-设备购买,张三
2025-12-31,记-0166,1601,固定资产,0.0,15260.55,服务收入-设备购买,张三
2026-01-01,记-0167,1601,固定资产,5317.04,0.0,资产投资-制造费用,李四
2026-01-01,记-0167,5001,生产成本,0.0,5317.04,固定资产购置-制造费用,赵六
2026-01-01,记-0168,1002,银行存款,7289.01,0.0,电汇-设备购买,张三
2026-01-01,记-0168,1601,固定资产,0.0,7289.01,电汇-资产投资,李四
2026-01-01,记-0169,1002,银行存款,98439.88,0.0,银行存款-实收资本,李四
2026-01-01,记-0169,4001,实收资本,0.0,98439.88,银行存款-实收资本,张三
2026-01-01,记-0170,2202,应付账款,8276.82,0.0,供应商付款-资产投资,张三
2026-01-01,记-0170,1601,固定资产,0.0,8276.82,采购付款-资产投资,王五
2026-01-01,记-0171,1002,银行存款,116037.02,0.0,银行取款-股东投资,王五
2026-01-01,记-0171,4001,实收资本,0.0,116037.02,银行存款-资本注入,李四
2026-01-02,记-0172,4001,实收资本,48230.07,0.0,实收资本-销售成本,李四
2026-01-02,记-0172,6401,主营业务成本,0.0,48230.07,资本注入-营业成本,赵六
2026-01-02,记-0173,1002,银行存款,166350.87,0.0,银行取款-银行贷款,王五
2026-01-02,记-0173,2001,短期借款,0.0,166350.87,银行转账-短期借款,王五
2026-01-02,记-0174,1002,银行存款,109084.39,0.0,银行存款-短期借款,王五
2026-01-02,记-0174,2001,短期借款,0.0,109084.39,银行转账-短期借款,张三
2026-01-02,记-0175,1002,银行存款,111800.89,0.0,银行转账-资本注入,王五
2026-01-02,记-0175,4001,实收资本,0.0,111800.89,电汇-股东投资,李四
2026-01-03,记-0176,1002,银行存款,123752.8,0.0,银行存款-股东投资,张三
2026-01-03,记-0176,4001,实收资本,0.0,123752.8,银行存款-股东投资,王五
2026-01-03,记-0177,1001,库存现金,15764.95,0.0,现金提取-销售收入,赵六
2026-01-03,记-0177,6001,主营业务收入,0.0,15764.95,现金收入-服务收入,张三
2026-01-03,记-0178,6601,销售费用,19815.23,0.0,广告费-产品成本,赵六
2026-01-03,记-0178,6401,主营业务成本,0.0,19815.23,广告费-销售成本,赵六
2026-01-04,记-0179,6602,管理费用,6319.8,0.0,管理费用-原材料购买,赵六
2026-01-04,记-0179,1401,材料采购,0.0,6319.8,管理费用-原材料购买,赵六
2026-01-04,记-0180,1001,库存现金,25207.79,0.0,现金收入-销售收入,赵六
2026-01-04,记-0180,6001,主营业务收入,0.0,25207.79,现金支出-营业外收入,王五
2026-01-05,记-0181,1601,固定资产,95877.65,0.0,固定资产购置-资本注入,张三
2026-01-05,记-0181,4001,实收资本,0.0,95877.65,设备购买-实收资本,李四
2026-01-05,记-0182,6401,主营业务成本,37226.0,0.0,销售成本-借款,王五
2026-01-05,记-0182,2001,短期借款,0.0,37226.0,销售成本-银行贷款,赵六
2026-01-05,记-0183,6601,销售费用,4048.06,0.0,营销费用-设备购买,李四
2026-01-05,记-0183,1601,固定资产,0.0,4048.06,营销费用-设备购买,王五
2026-01-05,记-0184,6001,主营业务收入,4023.93,0.0,营业外收入-营业成本,王五
2026-01-05,记-0184,6401,主营业务成本,0.0,4023.93,销售收入-产品成本,赵六
2026-01-05,记-0185,6001,主营业务收入,23044.0,0.0,营业外收入-银行取款,李四
2026-01-05,记-0185,1002,银行存款,0.0,23044.0,销售收入-银行取款,张三
2026-01-05,记-0186,1001,库存现金,16541.02,0.0,现金存入-手续费,王五
2026-01-05,记-0186,6603,财务费用,0.0,16541.02,现金提取-手续费,王五
2026-01-06,记-0187,1001,库存现金,152092.02,0.0,现金存入-银行贷款,张三
2026-01-06,记-0187,2001,短期借款,0.0,152092.02,现金提取-银行贷款,李四
2026-01-06,记-0188,1401,材料采购,12550.27,0.0,材料采购-财务费用,赵六
2026-01-06,记-0188,6603,财务费用,0.0,12550.27,采购付款-手续费,王五
2026-01-06,记-0189,1121,应收账款,46689.47,0.0,应收账款-借款,王五
2026-01-06,记-0189,2001,短期借款,0.0,46689.47,客户付款-短期借款,张三
2026-01-06,记-0190,1002,银行存款,35031.02,0.0,银行存款-股东投资,张三
2026-01-06,记-0190,4001,实收资本,0.0,35031.02,电汇-资本注入,王五
2026-01-07,记-0191,6603,财务费用,6719.22,0.0,手续费-实收资本,王五
2026-01-07,记-0191,4001,实收资本,0.0,6719.22,利息支出-股东投资,王五
2026-01-07,记-0192,1002,银行存款,32202.84,0.0,电汇-固定资产购置,张三
2026-01-07,记-0192,1601,固定资产,0.0,32202.84,银行取款-设备购买,张三
2026-01-07,记-0193,6401,主营业务成本,7268.66,0.0,营业成本-财务费用,张三
2026-01-07,记-0193,6603,财务费用,0.0,7268.66,产品成本-财务费用,张三
2026-01-08,记-0194,1601,固定资产,128423.57,0.0,资产投资-银行贷款,赵六
2026-01-08,记-0194,2001,短期借款,0.0,128423.57,资产投资-银行贷款,李四
2026-01-08,记-0195,2202,应付账款,41787.46,0.0,应付账款-办公费用,李四
2026-01-08,记-0195,6602,管理费用,0.0,41787.46,应付账款-管理费用,王五
2026-01-08,记-0196,5001,生产成本,31961.84,0.0,生产成本-供应商付款,张三
2026-01-08,记-0196,2202,应付账款,0.0,31961.84,生产支出-应付账款,张三
2026-01-09,记-0197,1601,固定资产,10385.91,0.0,资产投资-利息支出,张三
2026-01-09,记-0197,6603,财务费用,0.0,10385.91,设备购买-利息支出,张三
2026-01-09,记-0198,1001,库存现金,155402.09,0.0,现金收入-资本注入,李四
2026-01-09,记-0198,4001,实收资本,0.0,155402.09,现金存入-股东投资,张三
2026-01-09,记-0199,1121,应收账款,38671.09,0.0,客户付款-营销费用,王五
2026-01-09,记-0199,6601,销售费用,0.0,38671.09,应收账款-营销费用,李四
2026-01-10,记-0200,1002,银行存款,546.33,0.0,电汇-广告费,赵六
2026-01-10,记-0200,6601,销售费用,0.0,546.33,银行转账-销售费用,张三
2026-01-10,记-0201,6001,主营业务收入,43606.48,0.0,服务收入-现金收入,赵六
2026-01-10,记-0201,1001,库存现金,0.0,43606.48,销售收入-现金存入,李四
2026-01-10,记-0202,6601,销售费用,39809.63,0.0,营销费用-管理费用,赵六
2026-01-10,记-0202,6602,管理费用,0.0,39809.63,销售费用-人工成本,张三
2026-01-10,记-0203,1001,库存现金,14665.94,0.0,现金存入-营业外收入,赵六
2026-01-10,记-0203,6001,主营业务收入,0.0,14665.94,现金收入-营业外收入,张三
2026-01-10,记-0204,1002,银行存款,102867.37,0.0,银行取款-银行贷款,张三
2026-01-10,记-0204,2001,短期借款,0.0,102867.37,银行存款-借款,张三
2026-01-11,记-0205,1001,库存现金,13197.97,0.0,现金存入-营业外收入,李四
2026-01-11,记-0205,6001,主营业务收入,0.0,13197.97,现金支出-服务收入,李四
2026-01-11,记-0206,6602,管理费用,9947.36,0.0,办公费用-销售收入,张三
2026-01-11,记-0206,6001,主营业务收入,0.0,9947.36,办公费用-服务收入,赵六
2026-01-11,记-0207,1001,库存现金,104233.49,0.0,现金支出-股东投资,李四
2026-01-11,记-0207,4001,实收资本,0.0,104233.49,现金支出-实收资本,王五
2026-01-11,记-0208,1001,库存现金,29854.81,0.0,现金收入-销售收入,赵六
2026-01-11,记-0208,6001,主营业务收入,0.0,29854.81,现金收入-销售收入,张三
2026-01-11,记-0209,4001,实收资本,19304.16,0.0,实收资本-营业外收入,李四
2026-01-11,记-0209,6001,主营业务收入,0.0,19304.16,股东投资-销售收入,李四
2026-01-12,记-0210,5001,生产成本,46268.43,0.0,制造费用-应收账款,王五
2026-01-12,记-0210,1121,应收账款,0.0,46268.43,生产支出-应收账款,李四
2026-01-12,记-0211,6602,管理费用,48893.42,0.0,办公费用-产品成本,张三
2026-01-12,记-0211,6401,主营业务成本,0.0,48893.42,人工成本-产品成本,王五
2026-01-12,记-0212,6401,主营业务成本,14213.43,0.0,产品成本-原材料购买,赵六
2026-01-12,记-0212,1401,材料采购,0.0,14213.43,营业成本-材料采购,李四
2026-01-12,记-0213,1002,银行存款,91611.31,0.0,银行存款-资本注入,张三
2026-01-12,记-0213,4001,实收资本,0.0,91611.31,电汇-股东投资,张三
2026-01-12,记-0214,1601,固定资产,9378.07,0.0,资产投资-服务收入,赵六
2026-01-12,记-0214,6001,主营业务收入,0.0,9378.07,资产投资-销售收入,张三
2026-01-13,记-0215,6401,主营业务成本,44508.03,0.0,销售成本-管理费用,王五
2026-01-13,记-0215,6602,管理费用,0.0,44508.03,产品成本-管理费用,张三
2026-01-13,记-0216,2001,短期借款,1096.27,0.0,银行贷款-原材料购买,王五
2026-01-13,记-0216,1401,材料采购,0.0,1096.27,借款-原材料购买,李四
2026-01-13,记-0217,1002,银行存款,155531.05,0.0,银行转账-借款,赵六
2026-01-13,记-0217,2001,短期借款,0.0,155531.05,银行转账-银行贷款,张三
2026-01-13,记-0218,6601,销售费用,35961.66,0.0,营销费用-现金收入,李四
2026-01-13,记-0218,1001,库存现金,0.0,35961.66,广告费-现金存入,赵六
2026-01-13,记-0219,6601,销售费用,4620.88,0.0,销售费用-现金支出,赵六
2026-01-13,记-0219,1001,库存现金,0.0,4620.88,销售费用-现金支出,赵六
2026-01-13,记-0220,2001,短期借款,11897.66,0.0,短期借款-材料采购,张三
2026-01-13,记-0220,1401,材料采购,0.0,11897.66,银行贷款-采购付款,赵六
2026-01-13,记-0221,6001,主营业务收入,32519.05,0.0,营业外收入-销售回款,张三
2026-01-13,记-0221,1121,应收账款,0.0,32519.05,服务收入-应收账款,李四
2026-01-13,记-0222,2202,应付账款,4165.32,0.0,应付账款-制造费用,张三
2026-01-13,记-0222,5001,生产成本,0.0,4165.32,供应商付款-生产成本,赵六
2026-01-14,记-0223,1601,固定资产,35057.91,0.0,固定资产购置-短期借款,张三
2026-01-14,记-0223,2001,短期借款,0.0,35057.91,资产投资-银行贷款,张三
2026-01-14,记-0224,4001,实收资本,17604.07,0.0,股东投资-现金支出,李四
2026-01-14,记-0224,1001,库存现金,0.0,17604.07,资本注入-现金收入,张三
2026-01-14,记-0225,6601,销售费用,29081.76,0.0,销售费用-生产支出,王五
2026-01-14,记-0225,5001,生产成本,0.0,29081.76,销售费用-生产支出,张三
2026-01-14,记-0226,2202,应付账款,2346.31,0.0,采购付款-银行贷款,王五
2026-01-14,记-0226,2001,短期借款,0.0,2346.31,供应商付款-银行贷款,张三
2026-01-14,记-0227,1001,库存现金,135684.92,0.0,现金收入-实收资本,张三
2026-01-14,记-0227,4001,实收资本,0.0,135684.92,现金支出-股东投资,张三
2026-01-14,记-0228,1401,材料采购,20559.58,0.0,采购付款-销售收入,张三
2026-01-14,记-0228,6001,主营业务收入,0.0,20559.58,采购付款-服务收入,李四
2026-01-14,记-0229,1601,固定资产,11150.51,0.0,资产投资-电汇,赵六
2026-01-14,记-0229,1002,银行存款,0.0,11150.51,设备购买-银行取款,张三
2026-01-14,记-0230,1601,固定资产,28465.45,0.0,设备购买-现金收入,王五
2026-01-14,记-0230,1001,库存现金,0.0,28465.45,设备购买-现金提取,赵六
2026-01-15,记-0231,1001,库存现金,187152.0,0.0,现金收入-股东投资,王五
2026-01-15,记-0231,4001,实收资本,0.0,187152.0,现金存入-资本注入,王五
2026-01-15,记-0232,1002,银行存款,11407.04,0.0,银行存款-营业外收入,李四
2026-01-15,记-0232,6001,主营业务收入,0.0,11407.04,银行转账-销售收入,张三
2026-01-15,记-0233,1002,银行存款,118788.63,0.0,银行取款-银行贷款,赵六
2026-01-15,记-0233,2001,短期借款,0.0,118788.63,银行存款-借款,赵六
2026-01-15,记-0234,5001,生产成本,28199.67,0.0,生产成本-采购付款,张三
2026-01-15,记-0234,2202,应付账款,0.0,28199.67,生产成本-供应商付款,张三
2026-01-15,记-0235,1601,固定资产,22849.87,0.0,固定资产购置-供应商付款,王五
2026-01-15,记-0235,2202,应付账款,0.0,22849.87,资产投资-应付账款,赵六
2026-01-15,记-0236,6001,主营业务收入,13846.84,0.0,销售收入-资本注入,张三
2026-01-15,记-0236,4001,实收资本,0.0,13846.84,服务收入-资本注入,王五
2026-01-15,记-0237,1002,银行存款,13484.01,0.0,银行存款-现金支出,王五
2026-01-15,记-0237,1001,库存现金,0.0,13484.01,银行取款-现金支出,张三
2026-01-15,记-0238,6603,财务费用,41094.26,0.0,利息支出-采购付款,王五
2026-01-15,记-0238,2202,应付账款,0.0,41094.26,手续费-供应商付款,张三
2026-01-16,记-0239,1401,材料采购,41919.44,0.0,原材料购买-营业成本,张三
2026-01-16,记-0239,6401,主营业务成本,0.0,41919.44,原材料购买-产品成本,李四
2026-01-16,记-0240,1002,银行存款,1493.86,0.0,银行存款-生产支出,王五
2026-01-16,记-0240,5001,生产成本,0.0,1493.86,银行转账-生产成本,张三
2026-01-16,记-0241,1001,库存现金,185489.37,0.0,现金存入-借款,张三
2026-01-16,记-0241,2001,短期借款,0.0,185489.37,现金支出-短期借款,王五
2026-01-16,记-0242,1001,库存现金,199041.16,0.0,现金提取-借款,张三
2026-01-16,记-0242,2001,短期借款,0.0,199041.16,现金存入-借款,李四
2026-01-16,记-0243,1601,固定资产,96993.18,0.0,固定资产购置-实收资本,李四
2026-01-16,记-0243,4001,实收资本,0.0,96993.18,固定资产购置-资本注入,李四
2026-01-17,记-0244,1401,材料采购,11079.64,0.0,原材料购买-管理费用,张三
2026-01-17,记-0244,6602,管理费用,0.0,11079.64,材料采购-办公费用,李四
2026-01-17,记-0245,1001,库存现金,18528.86,0.0,现金提取-销售收入,王五
2026-01-17,记-0245,6001,主营业务收入,0.0,18528.86,现金提取-营业外收入,李四
2026-01-17,记-0246,6601,销售费用,48414.58,0.0,广告费-营业外收入,王五
2026-01-17,记-0246,6001,主营业务收入,0.0,48414.58,销售费用-销售收入,张三
2026-01-18,记-0247,1002,银行存款,93474.26,0.0,银行取款-借款,赵六
2026-01-18,记-0247,2001,短期借款,0.0,93474.26,银行取款-借款,李四
2026-01-18,记-0248,1001,库存现金,3338.49,0.0,现金支出-营业外收入,张三
2026-01-18,记-0248,6001,主营业务收入,0.0,3338.49,现金收入-销售收入,赵六
2026-01-18,记-0249,2001,短期借款,28730.61,0.0,短期借款-办公费用,李四
2026-01-18,记-0249,6602,管理费用,0.0,28730.61,短期借款-办公费用,李四
2026-01-18,记-0250,6601,销售费用,37115.35,0.0,销售费用-采购付款,李四
2026-01-18,记-0250,2202,应付账款,0.0,37115.35,营销费用-应付账款,王五
2026-01-18,记-0251,1002,银行存款,144898.69,0.0,电汇-短期借款,赵六
2026-01-18,记-0251,2001,短期借款,0.0,144898.69,银行取款-银行贷款,李四
2026-01-18,记-0252,2202,应付账款,42425.44,0.0,采购付款-实收资本,张三
2026-01-18,记-0252,4001,实收资本,0.0,42425.44,供应商付款-资本注入,赵六
2026-01-18,记-0253,1002,银行存款,95225.64,0.0,银行转账-实收资本,王五
2026-01-18,记-0253,4001,实收资本,0.0,95225.64,电汇-实收资本,李四
2026-01-19,记-0254,6602,管理费用,22015.63,0.0,人工成本-生产成本,王五
2026-01-19,记-0254,5001,生产成本,0.0,22015.63,管理费用-生产成本,赵六
2026-01-19,记-0255,1601,固定资产,105732.48,0.0,设备购买-股东投资,李四
2026-01-19,记-0255,4001,实收资本,0.0,105732.48,资产投资-资本注入,李四
2026-01-20,记-0256,1401,材料采购,11547.54,0.0,材料采购-销售回款,李四
2026-01-20,记-0256,1121,应收账款,0.0,11547.54,原材料购买-客户付款,王五
2026-01-20,记-0257,1002,银行存款,40623.93,0.0,电汇-应付账款,赵六
2026-01-20,记-0257,2202,应付账款,0.0,40623.93,银行取款-供应商付款,李四
2026-01-20,记-0258,1601,固定资产,15020.19,0.0,固定资产购置-供应商付款,赵六
2026-01-20,记-0258,2202,应付账款,0.0,15020.19,设备购买-供应商付款,王五
2026-01-20,记-0259,6001,主营业务收入,7511.82,0.0,销售收入-广告费,赵六
2026-01-20,记-0259,6601,销售费用,0.0,7511.82,销售收入-销售费用,张三
2026-01-20,记-0260,6001,主营业务收入,24224.84,0.0,营业外收入-银行存款,张三
2026-01-20,记-0260,1002,银行存款,0.0,24224.84,营业外收入-银行存款,王五
2026-01-20,记-0261,1401,材料采购,33782.39,0.0,材料采购-手续费,张三
2026-01-20,记-0261,6603,财务费用,0.0,33782.39,原材料购买-手续费,李四
2026-01-21,记-0262,6601,销售费用,28894.44,0.0,营销费用-生产成本,李四
2026-01-21,记-0262,5001,生产成本,0.0,28894.44,广告费-生产支出,李四
2026-01-21,记-0263,6602,管理费用,49206.96,0.0,办公费用-实收资本,赵六
2026-01-21,记-0263,4001,实收资本,0.0,49206.96,管理费用-实收资本,赵六
2026-01-21,记-0264,1601,固定资产,19212.04,0.0,固定资产购置-供应商付款,张三
2026-01-21,记-0264,2202,应付账款,0.0,19212.04,资产投资-应付账款,李四
2026-01-21,记-0265,6602,管理费用,28842.41,0.0,管理费用-手续费,王五
2026-01-21,记-0265,6603,财务费用,0.0,28842.41,管理费用-利息支出,赵六
2026-01-21,记-0266,5001,生产成本,48240.65,0.0,生产成本-原材料购买,张三
2026-01-21,记-0266,1401,材料采购,0.0,48240.65,生产成本-采购付款,王五
2026-01-21,记-0267,6602,管理费用,47808.18,0.0,管理费用-现金存入,李四
2026-01-21,记-0267,1001,库存现金,0.0,47808.18,人工成本-现金收入,赵六
2026-01-22,记-0268,6601,销售费用,410.35,0.0,销售费用-实收资本,赵六
2026-01-22,记-0268,4001,实收资本,0.0,410.35,广告费-资本注入,李四
2026-01-22,记-0269,1601,固定资产,85559.66,0.0,设备购买-借款,赵六
2026-01-22,记-0269,2001,短期借款,0.0,85559.66,资产投资-银行贷款,李四
2026-01-22,记-0270,5001,生产成本,13861.16,0.0,制造费用-广告费,赵六
2026-01-22,记-0270,6601,销售费用,0.0,13861.16,生产支出-营销费用,赵六
2026-01-22,记-0271,1002,银行存款,6796.88,0.0,银行存款-现金存入,张三
2026-01-22,记-0271,1001,库存现金,0.0,6796.88,电汇-现金提取,李四
2026-01-22,记-0272,1601,固定资产,108593.24,0.0,设备购买-股东投资,赵六
2026-01-22,记-0272,4001,实收资本,0.0,108593.24,资产投资-资本注入,张三
2026-01-22,记-0273,1002,银行存款,21053.38,0.0,电汇-股东投资,李四
2026-01-22,记-0273,4001,实收资本,0.0,21053.38,电汇-股东投资,张三
2026-01-22,记-0274,5001,生产成本,49812.82,0.0,制造费用-银行贷款,赵六
2026-01-22,记-0274,2001,短期借款,0.0,49812.82,生产支出-借款,张三
2026-01-23,记-0275,6001,主营业务收入,12023.16,0.0,营业外收入-应收账款,张三
2026-01-23,记-0275,1121,应收账款,0.0,12023.16,销售收入-客户付款,赵六
2026-01-23,记-0276,1601,固定资产,10982.33,0.0,设备购买-制造费用,李四
2026-01-23,记-0276,5001,生产成本,0.0,10982.33,资产投资-生产成本,李四
2026-01-23,记-0277,1121,应收账款,46413.58,0.0,客户付款-人工成本,赵六
2026-01-23,记-0277,6602,管理费用,0.0,46413.58,客户付款-人工成本,赵六
2026-01-23,记-0278,1601,固定资产,166066.79,0.0,资产投资-资本注入,张三
2026-01-23,记-0278,4001,实收资本,0.0,166066.79,设备购买-股东投资,赵六
2026-01-23,记-0279,1601,固定资产,11047.72,0.0,固定资产购置-银行取款,李四
2026-01-23,记-0279,1002,银行存款,0.0,11047.72,固定资产购置-电汇,王五
2026-01-24,记-0280,5001,生产成本,36214.18,0.0,生产支出-材料采购,张三
2026-01-24,记-0280,1401,材料采购,0.0,36214.18,生产支出-材料采购,王五
2026-01-24,记-0281,2202,应付账款,29867.28,0.0,供应商付款-生产成本,张三
2026-01-24,记-0281,5001,生产成本,0.0,29867.28,应付账款-生产支出,李四
2026-01-24,记-0282,6603,财务费用,9482.67,0.0,利息支出-服务收入,王五
2026-01-24,记-0282,6001,主营业务收入,0.0,9482.67,手续费-营业外收入,赵六
2026-01-24,记-0283,1002,银行存款,34761.97,0.0,电汇-营销费用,张三
2026-01-24,记-0283,6601,销售费用,0.0,34761.97,银行存款-销售费用,赵六
2026-01-25,记-0284,1001,库存现金,10428.25,0.0,现金收入-销售收入,张三
2026-01-25,记-0284,6001,主营业务收入,0.0,10428.25,现金存入-销售收入,王五
2026-01-25,记-0285,1002,银行存款,92607.99,0.0,银行取款-实收资本,张三
2026-01-25,记-0285,4001,实收资本,0.0,92607.99,银行取款-股东投资,李四
2026-01-26,记-0286,6601,销售费用,48365.54,0.0,销售费用-销售回款,李四
2026-01-26,记-0286,1121,应收账款,0.0,48365.54,营销费用-客户付款,张三
2026-01-26,记-0287,1601,固定资产,167660.91,0.0,资产投资-借款,李四
2026-01-26,记-0287,2001,短期借款,0.0,167660.91,资产投资-短期借款,赵六
2026-01-27,记-0288,5001,生产成本,16331.29,0.0,制造费用-产品成本,王五
2026-01-27,记-0288,6401,主营业务成本,0.0,16331.29,生产成本-营业成本,李四
2026-01-27,记-0289,6603,财务费用,4753.4,0.0,手续费-销售回款,李四
2026-01-27,记-0289,1121,应收账款,0.0,4753.4,财务费用-应收账款,王五
2026-01-27,记-0290,1001,库存现金,187926.67,0.0,现金支出-股东投资,李四
2026-01-27,记-0290,4001,实收资本,0.0,187926.67,现金支出-股东投资,张三
2026-01-27,记-0291,1002,银行存款,196815.34,0.0,银行存款-短期借款,王五
2026-01-27,记-0291,2001,短期借款,0.0,196815.34,电汇-银行贷款,张三
2026-01-27,记-0292,4001,实收资本,2429.08,0.0,股东投资-管理费用,张三
2026-01-27,记-0292,6602,管理费用,0.0,2429.08,实收资本-管理费用,赵六
2026-01-28,记-0293,1401,材料采购,9825.67,0.0,材料采购-电汇,李四
2026-01-28,记-0293,1002,银行存款,0.0,9825.67,原材料购买-电汇,王五
2026-01-28,记-0294,1001,库存现金,33737.68,0.0,现金提取-银行存款,李四
2026-01-28,记-0294,1002,银行存款,0.0,33737.68,现金收入-银行转账,赵六
2026-01-28,记-0295,4001,实收资本,9803.68,0.0,资本注入-财务费用,李四
2026-01-28,记-0295,6603,财务费用,0.0,9803.68,资本注入-手续费,赵六
2026-01-28,记-0296,4001,实收资本,31813.05,0.0,股东投资-营业成本,张三
2026-01-28,记-0296,6401,主营业务成本,0.0,31813.05,资本注入-销售成本,张三
2026-01-29,记-0297,1601,固定资产,82218.26,0.0,设备购买-实收资本,李四
2026-01-29,记-0297,4001,实收资本,0.0,82218.26,资产投资-实收资本,王五
2026-01-29,记-0298,6601,销售费用,37202.76,0.0,销售费用-人工成本,张三
2026-01-29,记-0298,6602,管理费用,0.0,37202.76,广告费-人工成本,王五
2026-01-29,记-0299,4001,实收资本,41871.86,0.0,资本注入-销售收入,王五
2026-01-29,记-0299,6001,主营业务收入,0.0,41871.86,资本注入-服务收入,赵六
2026-01-29,记-0300,2001,短期借款,40993.97,0.0,短期借款-营业外收入,王五
2026-01-29,记-0300,6001,主营业务收入,0.0,40993.97,银行贷款-服务收入,李四
2026-01-29,记-0301,2202,应付账款,4761.02,0.0,供应商付款-实收资本,王五
2026-01-29,记-0301,4001,实收资本,0.0,4761.02,采购付款-资本注入,张三
2026-01-29,记-0302,1121,应收账款,16095.22,0.0,客户付款-销售收入,李四
2026-01-29,记-0302,6001,主营业务收入,0.0,16095.22,客户付款-销售收入,赵六
2026-01-29,记-0303,5001,生产成本,48609.26,0.0,制造费用-现金存入,张三
2026-01-29,记-0303,1001,库存现金,0.0,48609.26,制造费用-现金收入,李四
2026-01-29,记-0304,1401,材料采购,21362.72,0.0,材料采购-实收资本,李四
2026-01-29,记-0304,4001,实收资本,0.0,21362.72,原材料购买-资本注入,赵六
2026-01-30,记-0305,1002,银行存款,190581.36,0.0,电汇-短期借款,王五
2026-01-30,记-0305,2001,短期借款,0.0,190581.36,银行取款-短期借款,李四
2026-01-30,记-0306,6001,主营业务收入,37885.33,0.0,销售收入-管理费用,王五
2026-01-30,记-0306,6602,管理费用,0.0,37885.33,销售收入-人工成本,王五
2026-01-30,记-0307,6001,主营业务收入,6234.73,0.0,服务收入-生产支出,赵六
2026-01-30,记-0307,5001,生产成本,0.0,6234.73,营业外收入-生产成本,李四
2026-01-30,记-0308,6601,销售费用,34315.02,0.0,营销费用-供应商付款,赵六
2026-01-30,记-0308,2202,应付账款,0.0,34315.02,销售费用-供应商付款,赵六
2026-01-30,记-0309,4001,实收资本,13074.61,0.0,股东投资-客户付款,王五
2026-01-30,记-0309,1121,应收账款,0.0,13074.61,资本注入-客户付款,王五
2026-01-31,记-0310,1001,库存现金,26076.92,0.0,现金存入-服务收入,赵六
2026-01-31,记-0310,6001,主营业务收入,0.0,26076.92,现金支出-销售收入,赵六
2026-01-31,记-0311,1001,库存现金,23720.34,0.0,现金提取-营业外收入,王五
2026-01-31,记-0311,6001,主营业务收入,0.0,23720.34,现金存入-服务收入,赵六
2026-02-01,记-0312,1001,库存现金,108925.18,0.0,现金支出-资本注入,赵六
2026-02-01,记-0312,4001,实收资本,0.0,108925.18,现金支出-实收资本,王五
2026-02-01,记-0313,1001,库存现金,23077.33,0.0,现金存入-营业外收入,赵六
2026-02-01,记-0313,6001,主营业务收入,0.0,23077.33,现金支出-销售收入,赵六
2026-02-01,记-0314,1401,材料采购,41703.06,0.0,原材料购买-借款,张三
2026-02-01,记-0314,2001,短期借款,0.0,41703.06,原材料购买-短期借款,张三
2026-02-01,记-0315,1401,材料采购,4000.57,0.0,材料采购-资产投资,王五
2026-02-01,记-0315,1601,固定资产,0.0,4000.57,原材料购买-固定资产购置,李四
2026-02-01,记-0316,1001,库存现金,15521.18,0.0,现金支出-服务收入,王五
2026-02-01,记-0316,6001,主营业务收入,0.0,15521.18,现金支出-营业外收入,赵六
2026-02-01,记-0317,1002,银行存款,36561.82,0.0,银行存款-生产支出,赵六
2026-02-01,记-0317,5001,生产成本,0.0,36561.82,电汇-制造费用,王五
2026-02-01,记-0318,1001,库存现金,19423.96,0.0,现金存入-服务收入,王五
2026-02-01,记-0318,6001,主营业务收入,0.0,19423.96,现金收入-销售收入,赵六
2026-02-01,记-0319,1001,库存现金,20744.88,0.0,现金提取-销售收入,张三
2026-02-01,记-0319,6001,主营业务收入,0.0,20744.88,现金支出-服务收入,李四
2026-02-02,记-0320,4001,实收资本,44744.97,0.0,资本注入-现金提取,赵六
2026-02-02,记-0320,1001,库存现金,0.0,44744.97,资本注入-现金提取,赵六
2026-02-02,记-0321,1121,应收账款,7671.87,0.0,应收账款-营业外收入,王五
2026-02-02,记-0321,6001,主营业务收入,0.0,7671.87,销售回款-服务收入,张三
2026-02-02,记-0322,1001,库存现金,143545.83,0.0,现金提取-资本注入,赵六
2026-02-02,记-0322,4001,实收资本,0.0,143545.83,现金收入-资本注入,李四
2026-02-02,记-0323,2001,短期借款,22283.38,0.0,短期借款-材料采购,李四
2026-02-02,记-0323,1401,材料采购,0.0,22283.38,短期借款-采购付款,赵六
2026-02-03,记-0324,1002,银行存款,12954.63,0.0,银行取款-应收账款,李四
2026-02-03,记-0324,1121,应收账款,0.0,12954.63,银行取款-销售回款,李四
2026-02-03,记-0325,6001,主营业务收入,2258.69,0.0,销售收入-股东投资,赵六
2026-02-03,记-0325,4001,实收资本,0.0,2258.69,营业外收入-资本注入,李四
2026-02-03,记-0326,1601,固定资产,103175.69,0.0,设备购买-短期借款,张三
2026-02-03,记-0326,2001,短期借款,0.0,103175.69,设备购买-银行贷款,张三
2026-02-04,记-0327,6602,管理费用,6460.15,0.0,管理费用-现金支出,张三
2026-02-04,记-0327,1001,库存现金,0.0,6460.15,管理费用-现金支出,李四
2026-02-04,记-0328,6603,财务费用,43982.56,0.0,手续费-材料采购,张三
2026-02-04,记-0328,1401,材料采购,0.0,43982.56,利息支出-原材料购买,张三
2026-02-04,记-0329,2001,短期借款,24958.34,0.0,借款-产品成本,赵六
2026-02-04,记-0329,6401,主营业务成本,0.0,24958.34,银行贷款-产品成本,王五
2026-02-04,记-0330,6601,销售费用,26716.89,0.0,广告费-采购付款,张三
2026-02-04,记-0330,2202,应付账款,0.0,26716.89,营销费用-采购付款,张三
2026-02-04,记-0331,2001,短期借款,3923.94,0.0,银行贷款-人工成本,张三
2026-02-04,记-0331,6602,管理费用,0.0,3923.94,短期借款-办公费用,王五
2026-02-04,记-0332,2001,短期借款,21665.33,0.0,银行贷款-固定资产购置,李四
2026-02-04,记-0332,1601,固定资产,0.0,21665.33,短期借款-固定资产购置,王五
2026-02-05,记-0333,1121,应收账款,43402.09,0.0,应收账款-生产支出,张三
2026-02-05,记-0333,5001,生产成本,0.0,43402.09,应收账款-生产支出,王五
2026-02-05,记-0334,1601,固定资产,38169.04,0.0,固定资产购置-资本注入,王五
2026-02-05,记-0334,4001,实收资本,0.0,38169.04,资产投资-资本注入,李四
2026-02-05,记-0335,1001,库存现金,94014.48,0.0,现金支出-短期借款,王五
2026-02-05,记-0335,2001,短期借款,0.0,94014.48,现金存入-借款,赵六
2026-02-05,记-0336,6601,销售费用,34832.3,0.0,销售费用-人工成本,李四
2026-02-05,记-0336,6602,管理费用,0.0,34832.3,广告费-管理费用,王五
2026-02-05,记-0337,4001,实收资本,9825.97,0.0,股东投资-广告费,王五
2026-02-05,记-0337,6601,销售费用,0.0,9825.97,股东投资-广告费,李四
2026-02-05,记-0338,1002,银行存款,175822.51,0.0,银行转账-短期借款,李四
2026-02-05,记-0338,2001,短期借款,0.0,175822.51,银行取款-银行贷款,王五
2026-02-05,记-0339,2202,应付账款,18431.7,0.0,应付账款-服务收入,李四
2026-02-05,记-0339,6001,主营业务收入,0.0,18431.7,供应商付款-服务收入,李四
2026-02-06,记-0340,1002,银行存款,83831.16,0.0,银行转账-资本注入,李四
2026-02-06,记-0340,4001,实收资本,0.0,83831.16,银行存款-资本注入,王五
2026-02-06,记-0341,6602,管理费用,13573.05,0.0,管理费用-服务收入,李四
2026-02-06,记-0341,6001,主营业务收入,0.0,13573.05,办公费用-营业外收入,李四
2026-02-07,记-0342,6001,主营业务收入,17540.1,0.0,营业外收入-设备购买,张三
2026-02-07,记-0342,1601,固定资产,0.0,17540.1,营业外收入-资产投资,李四
2026-02-07,记-0343,6602,管理费用,30580.61,0.0,办公费用-销售费用,张三
2026-02-07,记-0343,6601,销售费用,0.0,30580.61,管理费用-营销费用,张三
2026-02-07,记-0344,1401,材料采购,40954.49,0.0,采购付款-财务费用,赵六
2026-02-07,记-0344,6603,财务费用,0.0,40954.49,采购付款-利息支出,赵六
2026-02-08,记-0345,1601,固定资产,33547.33,0.0,资产投资-生产成本,李四
2026-02-08,记-0345,5001,生产成本,0.0,33547.33,设备购买-生产成本,张三
2026-02-08,记-0346,1401,材料采购,17617.11,0.0,材料采购-广告费,张三
2026-02-08,记-0346,6601,销售费用,0.0,17617.11,采购付款-营销费用,王五
2026-02-08,记-0347,1001,库存现金,39420.1,0.0,现金提取-营销费用,张三
2026-02-08,记-0347,6601,销售费用,0.0,39420.1,现金提取-广告费,李四
2026-02-09,记-0348,6601,销售费用,13544.4,0.0,广告费-采购付款,张三
2026-02-09,记-0348,2202,应付账款,0.0,13544.4,营销费用-应付账款,赵六
2026-02-09,记-0349,6401,主营业务成本,16474.01,0.0,产品成本-现金提取,李四
2026-02-09,记-0349,1001,库存现金,0.0,16474.01,营业成本-现金支出,赵六
2026-02-09,记-0350,1401,材料采购,45088.47,0.0,采购付款-应付账款,王五
2026-02-09,记-0350,2202,应付账款,0.0,45088.47,材料采购-采购付款,王五
2026-02-10,记-0351,1601,固定资产,85134.8,0.0,固定资产购置-短期借款,赵六
2026-02-10,记-0351,2001,短期借款,0.0,85134.8,设备购买-短期借款,张三
2026-02-10,记-0352,5001,生产成本,4420.42,0.0,生产成本-产品成本,王五
2026-02-10,记-0352,6401,主营业务成本,0.0,4420.42,生产支出-营业成本,李四
2026-02-10,记-0353,2001,短期借款,10110.74,0.0,借款-银行转账,张三
2026-02-10,记-0353,1002,银行存款,0.0,10110.74,银行贷款-电汇,王五
2026-02-10,记-0354,2202,应付账款,15273.69,0.0,采购付款-营业外收入,张三
2026-02-10,记-0354,6001,主营业务收入,0.0,15273.69,应付账款-营业外收入,张三
2026-02-10,记-0355,1401,材料采购,1413.36,0.0,材料采购-供应商付款,赵六
2026-02-10,记-0355,2202,应付账款,0.0,1413.36,材料采购-应付账款,李四
2026-02-10,记-0356,6001,主营业务收入,36205.83,0.0,营业外收入-广告费,张三
2026-02-10,记-0356,6601,销售费用,0.0,36205.83,销售收入-销售费用,王五
2026-02-10,记-0357,1401,材料采购,29857.72,0.0,材料采购-应付账款,李四
2026-02-10,记-0357,2202,应付账款,0.0,29857.72,材料采购-采购付款,王五
2026-02-10,记-0358,1002,银行存款,21891.22,0.0,银行存款-现金存入,王五
2026-02-10,记-0358,1001,库存现金,0.0,21891.22,电汇-现金提取,王五
2026-02-11,记-0359,1002,银行存款,29002.86,0.0,银行存款-人工成本,张三
2026-02-11,记-0359,6602,管理费用,0.0,29002.86,银行存款-人工成本,张三
2026-02-11,记-0360,1601,固定资产,98496.01,0.0,设备购买-实收资本,王五
2026-02-11,记-0360,4001,实收资本,0.0,98496.01,固定资产购置-资本注入,王五
2026-02-11,记-0361,1002,银行存款,36658.55,0.0,银行取款-销售成本,李四
2026-02-11,记-0361,6401,主营业务成本,0.0,36658.55,银行存款-产品成本,李四
2026-02-11,记-0362,5001,生产成本,42575.3,0.0,制造费用-财务费用,赵六
2026-02-11,记-0362,6603,财务费用,0.0,42575.3,制造费用-手续费,赵六
2026-02-11,记-0363,1001,库存现金,32544.68,0.0,现金收入-产品成本,张三
2026-02-11,记-0363,6401,主营业务成本,0.0,32544.68,现金支出-营业成本,王五
2026-02-11,记-0364,6602,管理费用,1883.8,0.0,人工成本-股东投资,王五
2026-02-11,记-0364,4001,实收资本,0.0,1883.8,人工成本-实收资本,李四
2026-02-11,记-0365,1001,库存现金,119980.82,0.0,现金提取-银行贷款,张三
2026-02-11,记-0365,2001,短期借款,0.0,119980.82,现金提取-短期借款,王五
2026-02-11,记-0366,1002,银行存款,41483.55,0.0,银行转账-采购付款,李四
2026-02-11,记-0366,1401,材料采购,0.0,41483.55,银行存款-材料采购,赵六
2026-02-12,记-0367,2202,应付账款,45187.32,0.0,应付账款-实收资本,王五
2026-02-12,记-0367,4001,实收资本,0.0,45187.32,应付账款-股东投资,赵六
2026-02-12,记-0368,1001,库存现金,43101.09,0.0,现金提取-短期借款,李四
2026-02-12,记-0368,2001,短期借款,0.0,43101.09,现金提取-借款,李四
2026-02-13,记-0369,1121,应收账款,12319.56,0.0,客户付款-资产投资,李四
2026-02-13,记-0369,1601,固定资产,0.0,12319.56,销售回款-固定资产购置,王五
2026-02-13,记-0370,1601,固定资产,84597.82,0.0,设备购买-借款,李四
2026-02-13,记-0370,2001,短期借款,0.0,84597.82,设备购买-借款,王五
2026-02-13,记-0371,6001,主营业务收入,49759.35,0.0,服务收入-手续费,王五
2026-02-13,记-0371,6603,财务费用,0.0,49759.35,服务收入-财务费用,王五
2026-02-14,记-0372,1401,材料采购,12151.68,0.0,采购付款-人工成本,张三
2026-02-14,记-0372,6602,管理费用,0.0,12151.68,原材料购买-办公费用,赵六
2026-02-14,记-0373,6602,管理费用,49071.5,0.0,办公费用-材料采购,王五
2026-02-14,记-0373,1401,材料采购,0.0,49071.5,人工成本-材料采购,王五
2026-02-14,记-0374,1001,库存现金,7379.3,0.0,现金提取-营业外收入,李四
2026-02-14,记-0374,6001,主营业务收入,0.0,7379.3,现金存入-服务收入,赵六
2026-02-15,记-0375,1001,库存现金,3740.45,0.0,现金支出-销售收入,王五
2026-02-15,记-0375,6001,主营业务收入,0.0,3740.45,现金支出-服务收入,李四
2026-02-15,记-0376,5001,生产成本,45974.86,0.0,制造费用-实收资本,张三
2026-02-15,记-0376,4001,实收资本,0.0,45974.86,生产成本-实收资本,张三
2026-02-15,记-0377,1002,银行存款,89391.66,0.0,电汇-实收资本,赵六
2026-02-15,记-0377,4001,实收资本,0.0,89391.66,银行转账-实收资本,张三
2026-02-16,记-0378,6001,主营业务收入,43330.86,0.0,销售收入-短期借款,张三
2026-02-16,记-0378,2001,短期借款,0.0,43330.86,销售收入-借款,王五
2026-02-16,记-0379,1121,应收账款,49306.36,0.0,客户付款-采购付款,赵六
2026-02-16,记-0379,1401,材料采购,0.0,49306.36,应收账款-采购付款,张三
2026-02-16,记-0380,1001,库存现金,44192.21,0.0,现金提取-材料采购,张三
2026-02-16,记-0380,1401,材料采购,0.0,44192.21,现金存入-原材料购买,张三
2026-02-16,记-0381,1601,固定资产,19267.25,0.0,设备购买-短期借款,张三
2026-02-16,记-0381,2001,短期借款,0.0,19267.25,固定资产购置-借款,李四
2026-02-16,记-0382,6401,主营业务成本,23465.0,0.0,营业成本-销售收入,王五
2026-02-16,记-0382,6001,主营业务收入,0.0,23465.0,营业成本-营业外收入,张三
2026-02-16,记-0383,1601,固定资产,108742.57,0.0,固定资产购置-实收资本,赵六
2026-02-16,记-0383,4001,实收资本,0.0,108742.57,设备购买-资本注入,王五
2026-02-16,记-0384,1001,库存现金,122049.55,0.0,现金提取-短期借款,李四
2026-02-16,记-0384,2001,短期借款,0.0,122049.55,现金支出-短期借款,李四
2026-02-16,记-0385,6601,销售费用,31795.65,0.0,销售费用-银行存款,张三
2026-02-16,记-0385,1002,银行存款,0.0,31795.65,广告费-电汇,赵六
2026-02-17,记-0386,1601,固定资产,10842.48,0.0,设备购买-手续费,张三
2026-02-17,记-0386,6603,财务费用,0.0,10842.48,设备购买-手续费,赵六
2026-02-17,记-0387,6401,主营业务成本,36935.03,0.0,产品成本-客户付款,张三
2026-02-17,记-0387,1121,应收账款,0.0,36935.03,销售成本-销售回款,赵六
2026-02-17,记-0388,1002,银行存款,104628.08,0.0,电汇-股东投资,李四
2026-02-17,记-0388,4001,实收资本,0.0,104628.08,银行存款-实收资本,赵六
2026-02-18,记-0389,5001,生产成本,14268.62,0.0,生产成本-销售收入,王五
2026-02-18,记-0389,6001,主营业务收入,0.0,14268.62,制造费用-销售收入,张三
2026-02-18,记-0390,1121,应收账款,20093.64,0.0,客户付款-生产成本,李四
2026-02-18,记-0390,5001,生产成本,0.0,20093.64,客户付款-生产成本,张三
2026-02-18,记-0391,1601,固定资产,169417.72,0.0,设备购买-股东投资,王五
2026-02-18,记-0391,4001,实收资本,0.0,169417.72,资产投资-资本注入,张三
2026-02-19,记-0392,5001,生产成本,9435.82,0.0,生产支出-材料采购,张三
2026-02-19,记-0392,1401,材料采购,0.0,9435.82,生产成本-采购付款,赵六
2026-02-19,记-0393,4001,实收资本,33171.09,0.0,股东投资-产品成本,赵六
2026-02-19,记-0393,6401,主营业务成本,0.0,33171.09,股东投资-营业成本,王五
2026-02-19,记-0394,6401,主营业务成本,49278.84,0.0,销售成本-现金提取,赵六
2026-02-19,记-0394,1001,库存现金,0.0,49278.84,产品成本-现金提取,王五
2026-02-19,记-0395,1002,银行存款,96594.32,0.0,银行存款-借款,赵六
2026-02-19,记-0395,2001,短期借款,0.0,96594.32,银行取款-银行贷款,赵六
2026-02-19,记-0396,1002,银行存款,27432.98,0.0,银行存款-供应商付款,王五
2026-02-19,记-0396,2202,应付账款,0.0,27432.98,银行取款-应付账款,王五
2026-02-19,记-0397,1001,库存现金,105342.09,0.0,现金支出-实收资本,赵六
2026-02-19,记-0397,4001,实收资本,0.0,105342.09,现金存入-股东投资,赵六
2026-02-19,记-0398,4001,实收资本,46994.34,0.0,资本注入-应付账款,王五
2026-02-19,记-0398,2202,应付账款,0.0,46994.34,实收资本-采购付款,李四
2026-02-19,记-0399,4001,实收资本,713.72,0.0,股东投资-银行贷款,王五
2026-02-19,记-0399,2001,短期借款,0.0,713.72,实收资本-银行贷款,李四
2026-02-20,记-0400,6401,主营业务成本,19139.67,0.0,销售成本-采购付款,李四
2026-02-20,记-0400,2202,应付账款,0.0,19139.67,营业成本-供应商付款,李四
2026-02-20,记-0401,1401,材料采购,39287.37,0.0,采购付款-营业外收入,王五
2026-02-20,记-0401,6001,主营业务收入,0.0,39287.37,采购付款-服务收入,赵六
2026-02-20,记-0402,6601,销售费用,20884.1,0.0,销售费用-资产投资,赵六
2026-02-20,记-0402,1601,固定资产,0.0,20884.1,广告费-设备购买,王五
2026-02-20,记-0403,1001,库存现金,28415.36,0.0,现金收入-材料采购,李四
2026-02-20,记-0403,1401,材料采购,0.0,28415.36,现金支出-原材料购买,王五
2026-02-20,记-0404,1001,库存现金,46466.37,0.0,现金收入-设备购买,李四
2026-02-20,记-0404,1601,固定资产,0.0,46466.37,现金收入-设备购买,张三
2026-02-20,记-0405,1001,库存现金,35324.09,0.0,现金支出-销售收入,赵六
2026-02-20,记-0405,6001,主营业务收入,0.0,35324.09,现金提取-营业外收入,李四
2026-02-21,记-0406,1001,库存现金,17556.18,0.0,现金提取-营业外收入,赵六
2026-02-21,记-0406,6001,主营业务收入,0.0,17556.18,现金提取-营业外收入,张三
2026-02-21,记-0407,6001,主营业务收入,6170.98,0.0,营业外收入-供应商付款,王五
2026-02-21,记-0407,2202,应付账款,0.0,6170.98,营业外收入-采购付款,赵六
2026-02-21,记-0408,1001,库存现金,5356.73,0.0,现金收入-销售收入,李四
2026-02-21,记-0408,6001,主营业务收入,0.0,5356.73,现金支出-营业外收入,李四
2026-02-21,记-0409,1601,固定资产,121533.26,0.0,设备购买-资本注入,李四
2026-02-21,记-0409,4001,实收资本,0.0,121533.26,资产投资-实收资本,赵六
2026-02-21,记-0410,1001,库存现金,177288.37,0.0,现金收入-短期借款,赵六
2026-02-21,记-0410,2001,短期借款,0.0,177288.37,现金支出-银行贷款,张三
2026-02-21,记-0411,2001,短期借款,45486.35,0.0,银行贷款-供应商付款,王五
2026-02-21,记-0411,2202,应付账款,0.0,45486.35,短期借款-应付账款,李四
2026-02-21,记-0412,2001,短期借款,3464.71,0.0,银行贷款-应收账款,赵六
2026-02-21,记-0412,1121,应收账款,0.0,3464.71,借款-客户付款,李四
2026-02-21,记-0413,1002,银行存款,128832.45,0.0,银行转账-资本注入,张三
2026-02-21,记-0413,4001,实收资本,0.0,128832.45,银行取款-实收资本,赵六
2026-02-22,记-0414,6602,管理费用,44580.2,0.0,人工成本-设备购买,赵六
2026-02-22,记-0414,1601,固定资产,0.0,44580.2,管理费用-资产投资,张三
2026-02-22,记-0415,6601,销售费用,48522.28,0.0,广告费-采购付款,李四
2026-02-22,记-0415,1401,材料采购,0.0,48522.28,销售费用-采购付款,张三
2026-02-23,记-0416,1001,库存现金,48692.63,0.0,现金提取-采购付款,赵六
2026-02-23,记-0416,1401,材料采购,0.0,48692.63,现金提取-采购付款,王五
2026-02-23,记-0417,6601,销售费用,12240.08,0.0,营销费用-银行存款,赵六
2026-02-23,记-0417,1002,银行存款,0.0,12240.08,营销费用-银行存款,张三
2026-02-23,记-0418,1002,银行存款,94854.63,0.0,银行取款-短期借款,李四
2026-02-23,记-0418,2001,短期借款,0.0,94854.63,电汇-银行贷款,李四
2026-02-23,记-0419,1401,材料采购,10792.29,0.0,采购付款-现金收入,王五
2026-02-23,记-0419,1001,库存现金,0.0,10792.29,材料采购-现金存入,王五
2026-02-24,记-0420,1121,应收账款,16778.15,0.0,客户付款-应付账款,李四
2026-02-24,记-0420,2202,应付账款,0.0,16778.15,客户付款-采购付款,李四
2026-02-24,记-0421,1121,应收账款,45421.86,0.0,销售回款-销售成本,王五
2026-02-24,记-0421,6401,主营业务成本,0.0,45421.86,客户付款-产品成本,王五
2026-02-24,记-0422,1601,固定资产,112738.47,0.0,资产投资-银行贷款,张三
2026-02-24,记-0422,2001,短期借款,0.0,112738.47,设备购买-短期借款,张三
2026-02-25,记-0423,2001,短期借款,2162.78,0.0,银行贷款-银行取款,赵六
2026-02-25,记-0423,1002,银行存款,0.0,2162.78,银行贷款-电汇,赵六
2026-02-25,记-0424,1002,银行存款,816.51,0.0,银行取款-股东投资,赵六
2026-02-25,记-0424,4001,实收资本,0.0,816.51,银行存款-实收资本,赵六
2026-02-26,记-0425,4001,实收资本,34889.69,0.0,资本注入-广告费,张三
2026-02-26,记-0425,6601,销售费用,0.0,34889.69,股东投资-营销费用,张三
2026-02-26,记-0426,6001,主营业务收入,21464.48,0.0,服务收入-办公费用,李四
2026-02-26,记-0426,6602,管理费用,0.0,21464.48,营业外收入-办公费用,张三
2026-02-27,记-0427,1001,库存现金,173777.14,0.0,现金提取-银行贷款,王五
2026-02-27,记-0427,2001,短期借款,0.0,173777.14,现金存入-银行贷款,王五
2026-02-27,记-0428,1002,银行存款,32096.04,0.0,银行取款-制造费用,赵六
2026-02-27,记-0428,5001,生产成本,0.0,32096.04,银行存款-制造费用,李四
2026-02-27,记-0429,6401,主营业务成本,46384.67,0.0,营业成本-银行贷款,李四
2026-02-27,记-0429,2001,短期借款,0.0,46384.67,销售成本-银行贷款,赵六
2026-02-27,记-0430,1001,库存现金,36579.85,0.0,现金提取-实收资本,李四
2026-02-27,记-0430,4001,实收资本,0.0,36579.85,现金存入-资本注入,赵六
2026-02-27,记-0431,6601,销售费用,19302.0,0.0,销售费用-股东投资,赵六
2026-02-27,记-0431,4001,实收资本,0.0,19302.0,广告费-实收资本,张三
